<?xml version="1.0" encoding="UTF-8"?>
<addon id="plugin.video.hdhomerun" version="0.0.3" name="HDHomeRun" provider-name="collinturney">
<requires>
  <import addon="xbmc.python" version="2.19.0"/>
</requires>
<extension point="xbmc.python.pluginsource" library="main.py">
  <provides>video</provides>
</extension>
<extension point="xbmc.addon.metadata">
  <summary lang="en">HDHomeRun Video Plugin</summary>
  <description lang="en">HDHomeRun Video Plugin</description>
  <disclaimer lang="en"></disclaimer>
  <assets>
    <icon>icon.png</icon>
    <fanart></fanart>
    <screenshot>resources/screenshot-01.png</screenshot>
    <screenshot>resources/screenshot-02.png</screenshot>
  </assets>
  <news>Initial version</news>
</extension>
</addon>
